{
  "dataset": "MNLI (validation_matched)",
  "evaluation_type": "Out-of-Distribution Generalization",
  "baseline_model": "./model_baseline",
  "mitigated_model": "./model_hard_retrained",
  "baseline_accuracy": 0.6878247857093811,
  "mitigated_accuracy": 0.49556800723075867,
  "accuracy_difference": -0.19225677847862244,
  "baseline_metrics": {
    "test_loss": 0.7365575432777405,
    "test_model_preparation_time": 0.0011,
    "test_accuracy": 0.6878247857093811,
    "test_runtime": 22.8883,
    "test_samples_per_second": 428.822,
    "test_steps_per_second": 53.608
  },
  "mitigated_metrics": {
    "test_loss": 1.4905246496200562,
    "test_model_preparation_time": 0.001,
    "test_accuracy": 0.58456800723075867,
    "test_runtime": 22.6178,
    "test_samples_per_second": 433.951,
    "test_steps_per_second": 54.249
  }
}